{"cameraMode":{"drawMode":0,"name":"Shaded","section":"Shading Mode"},"sceneLighting":true,"audioPlay":false,"sceneViewState":{"m_AlwaysRefresh":false,"showFog":true,"showSkybox":true,"showFlares":true,"showImageEffects":true,"showParticleSystems":true,"showVisualEffectGraphs":true,"m_FxEnabled":true},"in2DMode":false,"pivot":{"x":0.08763539791107178,"y":0.4708443880081177,"z":-0.16173255443572999},"rotation":{"x":-0.07475655525922775,"y":0.9117625951766968,"z":-0.19177229702472688,"w":-0.35542237758636477},"size":1.0910179615020753,"orthographic":false}